jjacobs0@engadget.com,test
nreyes1@fema.gov,test
jthomas2@soup.io,test
jrodriguez3@exblog.jp,test
twilliams4@tmall.com,test
kroberts5@washingtonpost.com,test
agrant6@hubpages.com,test
hsmith7@unc.edu,test
mmorrison8@chron.com,test
dgray9@howstuffworks.com,test
mlewisa@dedecms.com,test
lruizb@dagondesign.com,test
kadamsc@1und1.de,test
apattersond@mashable.com,test
tgeorgee@bizjournals.com,test
hlopezf@livejournal.com,test
bcarpenterg@hud.gov,test
afosterh@mayoclinic.com,test
naustini@hostgator.com,test
mwatsonj@wufoo.com,test
arobertsonk@bandcamp.com,test
mberryl@posterous.com,test
jcrawfordm@fc2.com,test
aadamsn@tripadvisor.com,test
cwrighto@naver.com,test
njacobsp@tuttocitta.it,test
bmurrayq@loc.gov,test
pwoodsr@toplist.cz,test
storress@omniture.com,test
landersont@phpbb.com,test
lruizu@prnewswire.com,test
lellisv@aboutads.info,test
rreynoldsw@ebay.com,test
rgarzax@marketwatch.com,test
echavezy@unc.edu,test
ajacksonz@typepad.com,test
hgilbert10@archive.org,test
pgonzalez11@usatoday.com,test
agonzalez12@4shared.com,test
rperkins13@house.gov,test
msmith14@state.tx.us,test
dromero15@adobe.com,test
jphillips16@statcounter.com,test
gcastillo17@ed.gov,test
hmyers18@marriott.com,test
kyoung19@nyu.edu,test
rgilbert1a@sciencedirect.com,test
wgrant1b@privacy.gov.au,test
gnguyen1c@ucla.edu,test
kgilbert1d@odnoklassniki.ru,test
cstone1e@army.mil,test
jrobinson1f@reddit.com,test
khanson1g@ucsd.edu,test
sprice1h@hugedomains.com,test
jshaw1i@ezinearticles.com,test
mjones1j@deliciousdays.com,test
cruiz1k@illinois.edu,test
mvasquez1l@deviantart.com,test
edaniels1m@comsenz.com,test
mreyes1n@chicagotribune.com,test
dweaver1o@ucsd.edu,test
varnold1p@cisco.com,test
jshaw1q@quantcast.com,test
mgreen1r@dot.gov,test
hduncan1s@constantcontact.com,test
rrodriguez1t@dion.ne.jp,test
cduncan1u@nature.com,test
jfranklin1v@1und1.de,test
tstewart1w@jugem.jp,test
jwillis1x@wordpress.com,test
mbishop1y@wunderground.com,test
msimpson1z@1688.com,test
gbowman20@ehow.com,test
slane21@uiuc.edu,test
afisher22@latimes.com,test
cgarrett23@t.co,test
dhayes24@ed.gov,test
aperry25@oaic.gov.au,test
jcarr26@irs.gov,test
eperkins27@spiegel.de,test
sbennett28@china.com.cn,test
rgriffin29@prweb.com,test
slawrence2a@cpanel.net,test
laustin2b@last.fm,test
jjones2c@answers.com,test
jwood2d@wsj.com,test
mphillips2e@list-manage.com,test
sferguson2f@mozilla.com,test
kadams2g@redcross.org,test
dfields2h@aboutads.info,test
jhudson2i@businesswire.com,test
rkelly2j@bravesites.com,test
wparker2k@alexa.com,test
dlane2l@over-blog.com,test
mmurray2m@oaic.gov.au,test
bbennett2n@delicious.com,test
akelly2o@blinklist.com,test
ahunt2p@mapy.cz,test
devans2q@bloglines.com,test
lward2r@pen.io,test
aellis2s@comsenz.com,test
smcdonald2t@qq.com,test
ajames2u@1688.com,test
jwelch2v@geocities.com,test
hsullivan2w@list-manage.com,test
jfields2x@altervista.org,test
chicks2y@weebly.com,test
awatkins2z@goo.ne.jp,test
jboyd30@nps.gov,test
jfreeman31@bigcartel.com,test
jbishop32@nps.gov,test
jgilbert33@techcrunch.com,test
agordon34@mediafire.com,test
jcooper35@europa.eu,test
lchavez36@ucoz.ru,test
jmason37@baidu.com,test
ageorge38@geocities.com,test
twilliamson39@example.com,test
bpowell3a@fc2.com,test
ksanders3b@europa.eu,test
wpowell3c@japanpost.jp,test
rward3d@wix.com,test
chicks3e@washington.edu,test
mwatkins3f@google.com.hk,test
cclark3g@ox.ac.uk,test
lweaver3h@npr.org,test
dwoods3i@bloomberg.com,test
asmith3j@themeforest.net,test
elane3k@homestead.com,test
agarza3l@hatena.ne.jp,test
chudson3m@wisc.edu,test
gclark3n@arizona.edu,test
jbrown3o@bandcamp.com,test
jspencer3p@issuu.com,test
rthompson3q@constantcontact.com,test
rgarcia3r@last.fm,test
kspencer3s@hao123.com,test
jburns3t@wordpress.com,test
cross3u@intel.com,test
swebb3v@naver.com,test
ehunt3w@liveinternet.ru,test
rmartin3x@artisteer.com,test
tmason3y@biglobe.ne.jp,test
solson3z@newsvine.com,test
vmyers40@icio.us,test
ddean41@stumbleupon.com,test
nwagner42@symantec.com,test
cbrooks43@biblegateway.com,test
jchapman44@jiathis.com,test
hstewart45@youtube.com,test
kolson46@wisc.edu,test
rstone47@vk.com,test
ccollins48@themeforest.net,test
ehart49@forbes.com,test
ahowell4a@arstechnica.com,test
nporter4b@cam.ac.uk,test
jmontgomery4c@theglobeandmail.com,test
jjohnston4d@mediafire.com,test
ahart4e@auda.org.au,test
frogers4f@tmall.com,test
eyoung4g@mayoclinic.com,test
mwashington4h@twitpic.com,test
acarroll4i@msn.com,test
dramirez4j@webeden.co.uk,test
gmcdonald4k@sciencedirect.com,test
kkim4l@ovh.net,test
lreid4m@biglobe.ne.jp,test
asnyder4n@linkedin.com,test
bpierce4o@seattletimes.com,test
jschmidt4p@bloomberg.com,test
dgraham4q@fema.gov,test
landerson4r@gov.uk,test
lkelley4s@mac.com,test
bhanson4t@jiathis.com,test
gmedina4u@rediff.com,test
rjackson4v@hibu.com,test
dfuller4w@dailymail.co.uk,test
rsims4x@ibm.com,test
sallen4y@issuu.com,test
vaustin4z@360.cn,test
wcrawford50@cisco.com,test
lhicks51@bing.com,test
wrose52@barnesandnoble.com,test
jrodriguez53@odnoklassniki.ru,test
bblack54@unesco.org,test
jking55@irs.gov,test
jgonzalez56@g.co,test
along57@dailymail.co.uk,test
psanchez58@ucoz.com,test
agarcia59@cbsnews.com,test
dgrant5a@unicef.org,test
fduncan5b@xing.com,test
pfuller5c@studiopress.com,test
khamilton5d@last.fm,test
hwood5e@nyu.edu,test
kellis5f@toplist.cz,test
mfernandez5g@soundcloud.com,test
rflores5h@bing.com,test
jrussell5i@ovh.net,test
fthomas5j@foxnews.com,test
amason5k@microsoft.com,test
twoods5l@salon.com,test
rgreene5m@mail.ru,test
mfisher5n@discuz.net,test
abailey5o@loc.gov,test
jferguson5p@deliciousdays.com,test
lwhite5q@seattletimes.com,test
aowens5r@dmoz.org,test
jgomez5s@ustream.tv,test
pmorrison5t@photobucket.com,test
clong5u@cargocollective.com,test
cgarcia5v@amazonaws.com,test
lwilliams5w@pbs.org,test
bwallace5x@businessinsider.com,test
jwhite5y@comsenz.com,test
jarnold5z@meetup.com,test
fmartin60@wisc.edu,test
jhughes61@stumbleupon.com,test
lriley62@nature.com,test
esimmons63@pcworld.com,test
rjohnson64@hostgator.com,test
rwilliamson65@theguardian.com,test
cwest66@about.com,test
acooper67@yahoo.co.jp,test
aryan68@mediafire.com,test
klawson69@latimes.com,test
rharper6a@dion.ne.jp,test
wfields6b@wufoo.com,test
thawkins6c@prweb.com,test
jspencer6d@blog.com,test
jlarson6e@netscape.com,test
lwilson6f@dion.ne.jp,test
swood6g@sourceforge.net,test
rbell6h@purevolume.com,test
asims6i@devhub.com,test
khernandez6j@ibm.com,test
dwilliams6k@spotify.com,test
jalvarez6l@sakura.ne.jp,test
smendoza6m@miitbeian.gov.cn,test
rwagner6n@simplemachines.org,test
jlawson6o@soup.io,test
kray6p@ustream.tv,test
gmatthews6q@booking.com,test
cshaw6r@domainmarket.com,test
holiver6s@vistaprint.com,test
jmeyer6t@123-reg.co.uk,test
ehowell6u@goo.gl,test
klarson6v@yandex.ru,test
tbaker6w@hao123.com,test
lpatterson6x@deviantart.com,test
mfoster6y@archive.org,test
jcole6z@msu.edu,test
ksanchez70@xing.com,test
rmurphy71@wiley.com,test
jyoung72@slashdot.org,test
cpeterson73@jiathis.com,test
rclark74@accuweather.com,test
hmiller75@sogou.com,test
vwoods76@live.com,test
aspencer77@omniture.com,test
lhenderson78@spiegel.de,test
dpowell79@odnoklassniki.ru,test
dbarnes7a@twitter.com,test
mmcdonald7b@ovh.net,test
bandrews7c@weibo.com,test
cowens7d@biglobe.ne.jp,test
twillis7e@usnews.com,test
mtaylor7f@webnode.com,test
bhayes7g@slate.com,test
sstone7h@usgs.gov,test
jowens7i@vimeo.com,test
rmitchell7j@yahoo.co.jp,test
dellis7k@wp.com,test
mphillips7l@webeden.co.uk,test
jlittle7m@51.la,test
bgarcia7n@themeforest.net,test
wwallace7o@bizjournals.com,test
pparker7p@gov.uk,test
jvasquez7q@diigo.com,test
bbrooks7r@amazon.de,test
jcooper7s@wisc.edu,test
jkennedy7t@devhub.com,test
aprice7u@eventbrite.com,test
kwilliamson7v@japanpost.jp,test
bkim7w@goo.ne.jp,test
akelley7x@pinterest.com,test
amedina7y@themeforest.net,test
slawrence7z@ucoz.ru,test
snichols80@japanpost.jp,test
jgilbert81@phoca.cz,test
jtorres82@xrea.com,test
efernandez83@ca.gov,test
jgeorge84@independent.co.uk,test
awhite85@mozilla.com,test
chayes86@samsung.com,test
lberry87@sciencedaily.com,test
jboyd88@multiply.com,test
caustin89@desdev.cn,test
etorres8a@apple.com,test
fmartin8b@indiatimes.com,test
jtucker8c@sitemeter.com,test
creyes8d@virginia.edu,test
mkim8e@wsj.com,test
jreed8f@samsung.com,test
jhenderson8g@miitbeian.gov.cn,test
cwelch8h@github.io,test
ljenkins8i@creativecommons.org,test
hpeterson8j@abc.net.au,test
crobinson8k@wp.com,test
jstanley8l@so-net.ne.jp,test
mellis8m@flickr.com,test
tpierce8n@mashable.com,test
swells8o@cdc.gov,test
ihowell8p@ihg.com,test
dhall8q@cloudflare.com,test
slane8r@usnews.com,test
lalvarez8s@ted.com,test
amorris8t@epa.gov,test
jferguson8u@seattletimes.com,test
jspencer8v@seattletimes.com,test
jnelson8w@youtube.com,test
rcox8x@zdnet.com,test
gthompson8y@mit.edu,test
croberts8z@theatlantic.com,test
cbutler90@miitbeian.gov.cn,test
dkelley91@furl.net,test
ebarnes92@thetimes.co.uk,test
sjones93@barnesandnoble.com,test
rhall94@msu.edu,test
jtucker95@fastcompany.com,test
boliver96@1und1.de,test
swebb97@liveinternet.ru,test
hmurphy98@mashable.com,test
mrivera99@goo.gl,test
mfernandez9a@diigo.com,test
bowens9b@biblegateway.com,test
csimpson9c@irs.gov,test
wharvey9d@buzzfeed.com,test
cdean9e@joomla.org,test
jnguyen9f@dailymail.co.uk,test
jweaver9g@t.co,test
shawkins9h@oracle.com,test
msanders9i@newsvine.com,test
scastillo9j@joomla.org,test
jhoward9k@sohu.com,test
laustin9l@ibm.com,test
gsanchez9m@paginegialle.it,test
jreyes9n@gnu.org,test
aparker9o@sogou.com,test
bgonzalez9p@geocities.jp,test
pwatkins9q@smugmug.com,test
fhill9r@sun.com,test
jmatthews9s@businessweek.com,test
ecampbell9t@businessinsider.com,test
rpierce9u@canalblog.com,test
vflores9v@jalbum.net,test
wreyes9w@hibu.com,test
tturner9x@yahoo.com,test
llee9y@163.com,test
cgibson9z@dyndns.org,test
bboyda0@wunderground.com,test
mhowella1@whitehouse.gov,test
dduncana2@biglobe.ne.jp,test
dstevensa3@w3.org,test
jlittlea4@hibu.com,test
myounga5@stumbleupon.com,test
cgarretta6@creativecommons.org,test
dwilsona7@indiegogo.com,test
jdanielsa8@stumbleupon.com,test
treynoldsa9@squarespace.com,test
kpierceaa@google.com.hk,test
estoneab@ovh.net,test
jjonesac@sphinn.com,test
rsimpsonad@ucoz.com,test
dcarrollae@comcast.net,test
ariceaf@usnews.com,test
ltaylorag@statcounter.com,test
bspencerah@washingtonpost.com,test
jnguyenai@typepad.com,test
akellyaj@jigsy.com,test
swhiteak@addtoany.com,test
ryoungal@prlog.org,test
gpierceam@epa.gov,test
amartinan@cisco.com,test
jtuckerao@europa.eu,test
mmurphyap@who.int,test
sblackaq@bloglines.com,test
jfranklinar@archive.org,test
jcampbellas@abc.net.au,test
jrayat@narod.ru,test
dbrooksau@google.com,test
ehernandezav@techcrunch.com,test
jjenkinsaw@yandex.ru,test
palexanderax@admin.ch,test
swatkinsay@gov.uk,test
schavezaz@squidoo.com,test
mkellyb0@chronoengine.com,test
mfranklinb1@sciencedirect.com,test
jallenb2@instagram.com,test
pgibsonb3@imgur.com,test
kwallaceb4@delicious.com,test
pgarciab5@cloudflare.com,test
jbennettb6@shop-pro.jp,test
gevansb7@aol.com,test
tstoneb8@google.de,test
cmurphyb9@reddit.com,test
rwardba@mysql.com,test
wberrybb@fema.gov,test
rmorrisbc@g.co,test
pfisherbd@cbslocal.com,test
blopezbe@imdb.com,test
swagnerbf@kickstarter.com,test
swardbg@cargocollective.com,test
jhillbh@webs.com,test
sbarnesbi@ftc.gov,test
rwestbj@wired.com,test
cgutierrezbk@taobao.com,test
ekingbl@de.vu,test
apricebm@google.com.br,test
slawsonbn@privacy.gov.au,test
tsmithbo@istockphoto.com,test
tmoorebp@goodreads.com,test
dmartinezbq@auda.org.au,test
amartinezbr@typepad.com,test
ssimmonsbs@hibu.com,test
klarsonbt@elegantthemes.com,test
pbradleybu@sitemeter.com,test
mrodriguezbv@usda.gov,test
anelsonbw@odnoklassniki.ru,test
jgrahambx@go.com,test
chuntby@tripadvisor.com,test
cwarrenbz@nifty.com,test
cbryantc0@hud.gov,test
llewisc1@gravatar.com,test
tfowlerc2@ibm.com,test
sfernandezc3@cam.ac.uk,test
jhowardc4@nydailynews.com,test
amcdonaldc5@chron.com,test
cgriffinc6@creativecommons.org,test
srichardsc7@msu.edu,test
kowensc8@columbia.edu,test
ncarrc9@163.com,test
bkelleyca@bloomberg.com,test
bdeancb@e-recht24.de,test
ttorrescc@washingtonpost.com,test
dmorgancd@businessweek.com,test
jfieldsce@quantcast.com,test
jmartinezcf@techcrunch.com,test
bthomascg@unicef.org,test
cjohnsonch@weebly.com,test
sfosterci@privacy.gov.au,test
jgonzalescj@upenn.edu,test
jburkeck@plala.or.jp,test
cmillscl@multiply.com,test
mwatsoncm@illinois.edu,test
charriscn@nih.gov,test
pgriffinco@hugedomains.com,test
tberrycp@surveymonkey.com,test
elarsoncq@twitter.com,test
lhowardcr@ycombinator.com,test
ccoopercs@google.com.br,test
smyersct@cisco.com,test
hwagnercu@devhub.com,test
rbellcv@taobao.com,test
bwilsoncw@nps.gov,test
kkelleycx@java.com,test
jhamiltoncy@addthis.com,test
sfranklincz@ebay.com,test
dlawsond0@usa.gov,test
pgrahamd1@list-manage.com,test
jcarterd2@google.it,test
cmasond3@indiatimes.com,test
imeyerd4@wired.com,test
ahansend5@stanford.edu,test
bwashingtond6@amazon.co.uk,test
wfranklind7@altervista.org,test
jriced8@google.com,test
lgeorged9@narod.ru,test
vdunnda@japanpost.jp,test
colsondb@webeden.co.uk,test
mellisdc@blogtalkradio.com,test
jrobinsondd@google.co.jp,test
fwilsonde@usgs.gov,test
kmeyerdf@reuters.com,test
lcastillodg@pen.io,test
sburtondh@newsvine.com,test
bchavezdi@gmpg.org,test
jperrydj@etsy.com,test
dpetersondk@washingtonpost.com,test
dhicksdl@a8.net,test
cgriffindm@chronoengine.com,test
swellsdn@multiply.com,test
rcunninghamdo@creativecommons.org,test
edaydp@ocn.ne.jp,test
jwilliamsondq@noaa.gov,test
lgonzalesdr@w3.org,test
bwebbds@quantcast.com,test
lfieldsdt@home.pl,test
lallendu@wp.com,test
kmillerdv@timesonline.co.uk,test
ckingdw@altervista.org,test
chuntdx@symantec.com,test
aharveydy@sakura.ne.jp,test
bmurphydz@nps.gov,test
dweavere0@dailymotion.com,test
mgreenee1@squidoo.com,test
cbowmane2@aboutads.info,test
jkennedye3@github.com,test
mbelle4@psu.edu,test
mbennette5@upenn.edu,test
mbankse6@berkeley.edu,test
fhudsone7@princeton.edu,test
kgutierreze8@go.com,test
syounge9@creativecommons.org,test
dperkinsea@reuters.com,test
amooreeb@flavors.me,test
pwheelerec@usda.gov,test
rortized@uiuc.edu,test
mnguyenee@cbsnews.com,test
dchavezef@163.com,test
rwilliamsoneg@merriam-webster.com,test
dkellyeh@intel.com,test
tgonzalezei@cnn.com,test
kmccoyej@cornell.edu,test
drobertsonek@friendfeed.com,test
cmarshallel@constantcontact.com,test
asandersem@chronoengine.com,test
sharten@amazon.co.jp,test
abutlereo@shinystat.com,test
syoungep@deliciousdays.com,test
bberryeq@hibu.com,test
crodriguezer@hatena.ne.jp,test
sduncanes@usnews.com,test
jgordonet@cpanel.net,test
kcarpentereu@reference.com,test
jpayneev@photobucket.com,test
rgomezew@unesco.org,test
ptaylorex@oakley.com,test
jspencerey@networksolutions.com,test
agarrettez@narod.ru,test
jpricef0@yahoo.com,test
acooperf1@rambler.ru,test
gcolemanf2@fc2.com,test
ldixonf3@baidu.com,test
dmurphyf4@photobucket.com,test
lbanksf5@e-recht24.de,test
jgilbertf6@tiny.cc,test
wpetersf7@irs.gov,test
vgarzaf8@so-net.ne.jp,test
gnguyenf9@nps.gov,test
rmorganfa@newsvine.com,test
awebbfb@blinklist.com,test
jharperfc@storify.com,test
scarrollfd@mediafire.com,test
swheelerfe@trellian.com,test
cbishopff@nih.gov,test
rleefg@time.com,test
lmasonfh@stumbleupon.com,test
ncastillofi@wordpress.com,test
jowensfj@dagondesign.com,test
kjohnstonfk@trellian.com,test
mrosefl@nifty.com,test
jduncanfm@ycombinator.com,test
astewartfn@amazon.com,test
kcarrollfo@sciencedirect.com,test
tmontgomeryfp@scribd.com,test
cmcdonaldfq@ibm.com,test
cjenkinsfr@scientificamerican.com,test
lshawfs@dion.ne.jp,test
nberryft@cbslocal.com,test
acunninghamfu@java.com,test
lgrantfv@sourceforge.net,test
hwatsonfw@typepad.com,test
jcampbellfx@elegantthemes.com,test
jwalkerfy@cnn.com,test
msimsfz@biglobe.ne.jp,test
jjamesg0@hp.com,test
gsimpsong1@ox.ac.uk,test
wfloresg2@google.com.au,test
jcarpenterg3@ftc.gov,test
rlarsong4@opensource.org,test
lclarkg5@indiatimes.com,test
ptuckerg6@un.org,test
jhillg7@whitehouse.gov,test
mhowardg8@shop-pro.jp,test
jandrewsg9@slate.com,test
brodriguezga@eepurl.com,test
jlewisgb@dot.gov,test
jdavisgc@geocities.com,test
ssandersgd@reuters.com,test
lhartge@ox.ac.uk,test
pgrantgf@xing.com,test
tgrahamgg@telegraph.co.uk,test
pfishergh@gmpg.org,test
anelsongi@phoca.cz,test
jrichardsongj@si.edu,test
sharveygk@google.com.br,test
khughesgl@addthis.com,test
pwhitegm@reverbnation.com,test
apattersongn@va.gov,test
nwheelergo@aboutads.info,test
mharpergp@ucoz.ru,test
gvasquezgq@pbs.org,test
colivergr@cmu.edu,test
kwheelergs@cisco.com,test
aduncangt@tripod.com,test
jfieldsgu@vkontakte.ru,test
jhudsongv@google.es,test
sharrisgw@myspace.com,test
cmitchellgx@wikimedia.org,test
dgomezgy@irs.gov,test
esmithgz@upenn.edu,test
eharth0@ucoz.com,test
acampbellh1@yale.edu,test
jmorrisonh2@discuz.net,test
scarterh3@goo.ne.jp,test
ctaylorh4@uol.com.br,test
rnguyenh5@weebly.com,test
jweaverh6@sourceforge.net,test
cmooreh7@vinaora.com,test
ghansonh8@howstuffworks.com,test
jrichardsh9@examiner.com,test
swillisha@rambler.ru,test
kstewarthb@marketwatch.com,test
bandersonhc@github.com,test
mcarterhd@twitpic.com,test
lalexanderhe@delicious.com,test
afieldshf@tuttocitta.it,test
mwilsonhg@scribd.com,test
kwhitehh@telegraph.co.uk,test
mfisherhi@slashdot.org,test
wlawrencehj@admin.ch,test
phansenhk@hostgator.com,test
cwarrenhl@jugem.jp,test
jthompsonhm@dagondesign.com,test
ebutlerhn@wikia.com,test
sfrazierho@lulu.com,test
rrogershp@biglobe.ne.jp,test
rmasonhq@miitbeian.gov.cn,test
apetersonhr@amazon.com,test
mrayhs@cbsnews.com,test
hduncanht@tripadvisor.com,test
chansonhu@ihg.com,test
fmedinahv@istockphoto.com,test
krosehw@hud.gov,test
tspencerhx@slideshare.net,test
gcookhy@unicef.org,test
nbrookshz@rambler.ru,test
hgordoni0@arstechnica.com,test
ncarrolli1@yale.edu,test
jramosi2@fema.gov,test
arodriguezi3@ed.gov,test
jwatkinsi4@whitehouse.gov,test
jmartinezi5@hao123.com,test
mharperi6@google.ru,test
jpattersoni7@epa.gov,test
cfernandezi8@nasa.gov,test
hfernandezi9@weather.com,test
jgarciaia@imdb.com,test
eburkeib@de.vu,test
abishopic@cisco.com,test
mrileyid@photobucket.com,test
bbennettie@privacy.gov.au,test
jellisif@hc360.com,test
tcoleig@va.gov,test
grobertsih@indiegogo.com,test
rreynoldsii@china.com.cn,test
mspencerij@mapy.cz,test
nmorrisonik@columbia.edu,test
pmitchellil@acquirethisname.com,test
rriveraim@imageshack.us,test
pburtonin@yolasite.com,test
sjenkinsio@ibm.com,test
jdanielsip@deviantart.com,test
pmitchelliq@craigslist.org,test
dallenir@dedecms.com,test
jbellis@dropbox.com,test
dmarshallit@free.fr,test
ediaziu@miibeian.gov.cn,test
vfreemaniv@samsung.com,test
jleeiw@nytimes.com,test
jjohnstonix@cbslocal.com,test
smorganiy@surveymonkey.com,test
ckennedyiz@yolasite.com,test
pwatkinsj0@wix.com,test
cpricej1@miibeian.gov.cn,test
ereyesj2@twitter.com,test
jbowmanj3@shutterfly.com,test
mgriffinj4@illinois.edu,test
ecunninghamj5@goo.ne.jp,test
klynchj6@pinterest.com,test
bmontgomeryj7@scribd.com,test
jthompsonj8@ucsd.edu,test
ahillj9@cornell.edu,test
eharperja@cbslocal.com,test
phansenjb@wisc.edu,test
afowlerjc@boston.com,test
kgarzajd@irs.gov,test
rfergusonje@qq.com,test
jwatkinsjf@etsy.com,test
ffoxjg@geocities.com,test
pberryjh@a8.net,test
chartji@nydailynews.com,test
mlarsonjj@weebly.com,test
kgardnerjk@wikispaces.com,test
twellsjl@thetimes.co.uk,test
cwillisjm@sitemeter.com,test
lduncanjn@gravatar.com,test
csnyderjo@seattletimes.com,test
cmurrayjp@google.fr,test
mstephensjq@chicagotribune.com,test
jsimsjr@t.co,test
ghudsonjs@jimdo.com,test
acoxjt@google.com,test
hallenju@imgur.com,test
rstanleyjv@state.gov,test
iperezjw@ovh.net,test
hedwardsjx@i2i.jp,test
rsnyderjy@dmoz.org,test
cgeorgejz@state.tx.us,test
pperkinsk0@admin.ch,test
lnelsonk1@yelp.com,test
hwestk2@unicef.org,test
aparkerk3@ustream.tv,test
jmorrisk4@bbb.org,test
fdayk5@wisc.edu,test
lwilliamsk6@aboutads.info,test
aharrisonk7@joomla.org,test
karnoldk8@usatoday.com,test
jcooperk9@latimes.com,test
bfernandezka@naver.com,test
nhayeskb@google.com.hk,test
rhugheskc@printfriendly.com,test
rblackkd@tumblr.com,test
mmatthewske@yellowpages.com,test
jcoxkf@tripadvisor.com,test
rclarkkg@icq.com,test
hwhitekh@desdev.cn,test
rlynchki@goo.gl,test
aromerokj@huffingtonpost.com,test
tbankskk@prnewswire.com,test
dbrookskl@1und1.de,test
lcolekm@state.gov,test
rbrookskn@nyu.edu,test
jgarzako@dagondesign.com,test
lrosekp@gmpg.org,test
sboydkq@oaic.gov.au,test
kpricekr@cocolog-nifty.com,test
dcampbellks@squidoo.com,test
tmurraykt@wikimedia.org,test
jpowellku@freewebs.com,test
awilliskv@trellian.com,test
hwelchkw@opera.com,test
kmorenokx@microsoft.com,test
dpowellky@nsw.gov.au,test
acookkz@bandcamp.com,test
scarpenterl0@hibu.com,test
jrusselll1@godaddy.com,test
rgonzalezl2@etsy.com,test
mhartl3@chronoengine.com,test
scarterl4@cloudflare.com,test
hhunterl5@unicef.org,test
dwallacel6@redcross.org,test
scolel7@xrea.com,test
relliottl8@cocolog-nifty.com,test
chughesl9@ning.com,test
kturnerla@sphinn.com,test
sdunnlb@dyndns.org,test
jpowelllc@domainmarket.com,test
tramirezld@salon.com,test
apetersonle@1und1.de,test
smorrislf@nasa.gov,test
jwilsonlg@cpanel.net,test
stuckerlh@tumblr.com,test
dwestli@businessweek.com,test
mjordanlj@dmoz.org,test
cnelsonlk@squidoo.com,test
phuntll@edublogs.org,test
dwatsonlm@disqus.com,test
greynoldsln@cocolog-nifty.com,test
jgarcialo@un.org,test
rfullerlp@google.cn,test
lbaileylq@kickstarter.com,test
brosslr@paginegialle.it,test
selliottls@howstuffworks.com,test
awoodlt@google.com.br,test
jknightlu@webeden.co.uk,test
gjacksonlv@java.com,test
cmyerslw@trellian.com,test
cgrantlx@w3.org,test
spiercely@umn.edu,test
jrichardslz@weebly.com,test
slopezm0@squidoo.com,test
cbishopm1@opera.com,test
rfordm2@macromedia.com,test
wmasonm3@studiopress.com,test
amorganm4@apache.org,test
kbanksm5@technorati.com,test
hraym6@shinystat.com,test
cgarzam7@barnesandnoble.com,test
dpetersm8@lulu.com,test
ehartm9@dailymotion.com,test
bnguyenma@moonfruit.com,test
ihallmb@discuz.net,test
pmooremc@youtube.com,test
bwhitemd@tamu.edu,test
ereedme@symantec.com,test
cwellsmf@sbwire.com,test
rbryantmg@weibo.com,test
bpetersmh@merriam-webster.com,test
cdaymi@google.ru,test
jgarrettmj@japanpost.jp,test
pbradleymk@clickbank.net,test
gfrazierml@wunderground.com,test
mnelsonmm@fema.gov,test
wharveymn@gnu.org,test
gbaileymo@multiply.com,test
bgarzamp@360.cn,test
estevensmq@hugedomains.com,test
arossmr@adobe.com,test
rwashingtonms@macromedia.com,test
cevansmt@sourceforge.net,test
tjacobsmu@spotify.com,test
nhartmv@princeton.edu,test
ldiazmw@nyu.edu,test
jbradleymx@upenn.edu,test
fschmidtmy@joomla.org,test
showellmz@digg.com,test
lfowlern0@desdev.cn,test
challn1@sphinn.com,test
mgarzan2@multiply.com,test
hgutierrezn3@mayoclinic.com,test
pbutlern4@spiegel.de,test
ehawkinsn5@netscape.com,test
rjohnsonn6@cargocollective.com,test
gmasonn7@g.co,test
tkimn8@issuu.com,test
shamiltonn9@about.com,test
rpetersna@youtube.com,test
hwilliamsonnb@domainmarket.com,test
bturnernc@mediafire.com,test
mpalmernd@wordpress.org,test
lrobertsonne@rediff.com,test
kbaileynf@unblog.fr,test
jmedinang@cloudflare.com,test
jarmstrongnh@answers.com,test
gfranklinni@cdc.gov,test
esmithnj@furl.net,test
jpiercenk@amazon.co.jp,test
abutlernl@twitter.com,test
eboydnm@parallels.com,test
tfordnn@columbia.edu,test
sedwardsno@yellowbook.com,test
dmartinnp@cocolog-nifty.com,test
acolenq@ifeng.com,test
mperkinsnr@zdnet.com,test
cfloresns@hud.gov,test
rmeyernt@canalblog.com,test
sdixonnu@bloomberg.com,test
dmendozanv@intel.com,test
mschmidtnw@ask.com,test
pperkinsnx@pbs.org,test
sadamsny@blogger.com,test
kmarshallnz@sciencedaily.com,test
esimpsono0@businesswire.com,test
jthompsono1@mayoclinic.com,test
cwelcho2@google.ca,test
jhamiltono3@squidoo.com,test
rfergusono4@tmall.com,test
pspencero5@ihg.com,test
jparkero6@unblog.fr,test
erichardsono7@alibaba.com,test
lwilliamso8@symantec.com,test
dstewarto9@blogger.com,test
tharperoa@businessinsider.com,test
awelchob@friendfeed.com,test
bjacksonoc@unc.edu,test
acarrod@icio.us,test
jburnsoe@liveinternet.ru,test
kclarkof@imdb.com,test
jgonzalezog@cocolog-nifty.com,test
vtorresoh@miibeian.gov.cn,test
mwoodsoi@com.com,test
jyoungoj@meetup.com,test
mlawsonok@loc.gov,test
aarmstrongol@mozilla.com,test
mclarkom@cornell.edu,test
kjohnsonon@chicagotribune.com,test
rcoleoo@usda.gov,test
awilsonop@chicagotribune.com,test
rmoralesoq@godaddy.com,test
cbryantor@walmart.com,test
aharveyos@github.com,test
bfieldsot@umich.edu,test
jwashingtonou@rediff.com,test
sgrayov@yahoo.co.jp,test
agreenow@buzzfeed.com,test
djacksonox@umn.edu,test
vyoungoy@house.gov,test
rryanoz@flickr.com,test
rmitchellp0@mit.edu,test
redwardsp1@t.co,test
solsonp2@tumblr.com,test
rwilsonp3@prweb.com,test
jgomezp4@bluehost.com,test
jcookp5@hao123.com,test
acolemanp6@odnoklassniki.ru,test
jrogersp7@smh.com.au,test
arossp8@vk.com,test
larmstrongp9@dropbox.com,test
cpetersonpa@zdnet.com,test
jtuckerpb@sakura.ne.jp,test
jrogerspc@drupal.org,test
sperkinspd@springer.com,test
wsanderspe@dmoz.org,test
jandrewspf@auda.org.au,test
wjacobspg@slate.com,test
dortizph@github.com,test
hkingpi@mashable.com,test
bdavispj@wordpress.org,test
jrobertspk@parallels.com,test
jreedpl@discovery.com,test
afosterpm@sogou.com,test
cbryantpn@google.com.au,test
jsimmonspo@alexa.com,test
dbakerpp@patch.com,test
gclarkpq@dailymail.co.uk,test
bwebbpr@spotify.com,test
apriceps@freewebs.com,test
mcampbellpt@barnesandnoble.com,test
arichardsonpu@cloudflare.com,test
rknightpv@creativecommons.org,test
pcarterpw@narod.ru,test
bwelchpx@slashdot.org,test
aleepy@constantcontact.com,test
elongpz@dell.com,test
mmorganq0@slideshare.net,test
cfieldsq1@gnu.org,test
jfoxq2@addtoany.com,test
hedwardsq3@bloglines.com,test
rwarrenq4@dion.ne.jp,test
rjenkinsq5@boston.com,test
pbrownq6@trellian.com,test
jwillisq7@hud.gov,test
rcunninghamq8@creativecommons.org,test
tsullivanq9@vistaprint.com,test
ebrooksqa@cnn.com,test
jalvarezqb@gmpg.org,test
eperezqc@ezinearticles.com,test
agarciaqd@simplemachines.org,test
dellisqe@sitemeter.com,test
drossqf@de.vu,test
prichardsqg@shinystat.com,test
jyoungqh@rakuten.co.jp,test
srileyqi@engadget.com,test
apalmerqj@example.com,test
ayoungqk@hhs.gov,test
jgutierrezql@spiegel.de,test
dstanleyqm@ox.ac.uk,test
jwilliamsonqn@epa.gov,test
jcollinsqo@biglobe.ne.jp,test
kcampbellqp@unblog.fr,test
kjohnsonqq@homestead.com,test
ejenkinsqr@mayoclinic.com,test
kreedqs@google.ru,test
ecoleqt@sciencedaily.com,test
jscottqu@jigsy.com,test
soliverqv@devhub.com,test
jfisherqw@goo.gl,test
slynchqx@patch.com,test
cpayneqy@apple.com,test
gweaverqz@ucoz.com,test
gweaverr0@qq.com,test
rbutlerr1@aol.com,test
afisherr2@privacy.gov.au,test
cwellsr3@archive.org,test
wwellsr4@rakuten.co.jp,test
bwagnerr5@chronoengine.com,test
sblackr6@instagram.com,test
jreynoldsr7@csmonitor.com,test
rwillisr8@youtu.be,test
rstevensr9@miibeian.gov.cn,test
hbarnesra@hostgator.com,test
smorrisrb@oaic.gov.au,test
kfranklinrc@xinhuanet.com,test
lmatthewsrd@webmd.com,test
bcampbellre@weibo.com,test
storresrf@yahoo.com,test
emccoyrg@symantec.com,test
jlittlerh@theguardian.com,test
jcarpenterri@smugmug.com,test
plynchrj@huffingtonpost.com,test
drichardsrk@paypal.com,test
jmontgomeryrl@netlog.com,test
iwelchrm@youtu.be,test
mhowellrn@hao123.com,test
tcastilloro@nsw.gov.au,test
acunninghamrp@t-online.de,test
jmcdonaldrq@nymag.com,test
rmcdonaldrr@bloomberg.com,test
